id,first_name,last_name,gender,email
1,Ortensia,Habbert,Female,ohabbert0@ftc.gov
2,Anestassia,McKevin,Female,amckevin1@aboutads.info
3,Laney,Sieghart,Male,lsieghart2@netscape.com
4,Corabella,Beaves,Female,cbeaves3@symantec.com
5,Daloris,Bussetti,Female,dbussetti4@nymag.com
6,Gratiana,Fawcitt,Female,gfawcitt5@google.com.br
7,Irving,Greer,Male,igreer6@loc.gov
8,Mitzi,Simonot,Female,msimonot7@a8.net
9,Vick,Andreone,Male,vandreone8@joomla.org
10,Sheilah,Samwell,Female,ssamwell9@wp.com
11,Janot,Simonou,Female,jsimonoua@ft.com
12,Granger,Broxup,Male,gbroxupb@discuz.net
13,Keslie,Poluzzi,Female,kpoluzzic@earthlink.net
14,Zacharie,Lowthian,Male,zlowthiand@163.com
15,Aggi,Norgate,Female,anorgatee@hud.gov
16,Odetta,Wiltshier,Female,owiltshierf@opensource.org
17,Anselma,Doctor,Female,adoctorg@reference.com
18,Brant,Pietesch,Male,bpieteschh@goo.gl
19,Andreas,Lindenbluth,Male,alindenbluthi@psu.edu
20,Nedda,Chalkly,Female,nchalklyj@goo.gl
21,Karyl,Ferrige,Female,kferrigek@histats.com
22,Mendie,Sturridge,Male,msturridgel@noaa.gov
23,Hart,Parades,Male,hparadesm@weather.com
24,Ritchie,Dulanty,Male,rdulantyn@blogger.com
25,Rois,Betje,Female,rbetjeo@wisc.edu
26,Randy,Wrought,Male,rwroughtp@amazon.co.jp
27,Roby,Gilfether,Female,rgilfetherq@nbcnews.com
28,Janice,Martinuzzi,Female,jmartinuzzir@ameblo.jp
29,Berne,Walicki,Male,bwalickis@kickstarter.com
30,Kaylyn,Oulet,Female,koulett@networksolutions.com
31,Devin,Meaking,Female,dmeakingu@toplist.cz
32,Murray,Paquet,Male,mpaquetv@arstechnica.com
33,Florina,Devonshire,Female,fdevonshirew@cmu.edu
34,Sharla,Argont,Female,sargontx@cafepress.com
35,Moore,Taplin,Male,mtapliny@ucsd.edu
36,Davon,Wealthall,Male,dwealthallz@bluehost.com
37,Gaven,Yaakov,Male,gyaakov10@diigo.com
38,Puff,Rishbrook,Male,prishbrook11@arstechnica.com
39,Pauli,Devo,Female,pdevo12@amazon.com
40,Cordey,Salkild,Female,csalkild13@goodreads.com
41,Karil,Prattington,Female,kprattington14@cyberchimps.com
42,Lamont,Pennetti,Male,lpennetti15@walmart.com
43,Tyson,Knyvett,Male,tknyvett16@unc.edu
44,Dunstan,East,Male,deast17@tripod.com
45,Dominga,Minocchi,Female,dminocchi18@ycombinator.com
46,Todd,Juszczak,Male,tjuszczak19@php.net
47,April,Godspede,Female,agodspede1a@unesco.org
48,Raleigh,Orrocks,Male,rorrocks1b@slate.com
49,Angelico,Hatwells,Male,ahatwells1c@intel.com
50,Tucky,Kingsnoad,Male,tkingsnoad1d@myspace.com
51,Aggi,Foucard,Female,afoucard1e@icq.com
52,Bendix,Josefer,Male,bjosefer1f@wikispaces.com
53,Deane,Heinsen,Female,dheinsen1g@fema.gov
54,Pascal,Noto,Male,pnoto1h@163.com
55,Marylou,Forten,Female,mforten1i@wordpress.com
56,Steffi,Seth,Female,sseth1j@shop-pro.jp
57,Dael,Jahncke,Female,djahncke1k@tmall.com
58,Rawley,Sleeman,Male,rsleeman1l@google.nl
59,Louis,Granleese,Male,lgranleese1m@redcross.org
60,Paxton,Wickes,Male,pwickes1n@taobao.com
61,Zea,Hornung,Female,zhornung1o@bizjournals.com
62,Torrie,Abbey,Female,tabbey1p@ifeng.com
63,Kippy,Cabral,Female,kcabral1q@yahoo.com
64,Janeen,Adamthwaite,Female,jadamthwaite1r@yolasite.com
65,Cecilla,Jeffcoat,Female,cjeffcoat1s@blinklist.com
66,Daphene,Stobart,Female,dstobart1t@cnbc.com
67,Guy,Petrescu,Male,gpetrescu1u@gov.uk
68,Rita,Blampey,Female,rblampey1v@loc.gov
69,Afton,Leed,Female,aleed1w@ehow.com
70,Orel,Ovitz,Female,oovitz1x@tamu.edu
71,Ole,Mackiewicz,Male,omackiewicz1y@shinystat.com
72,Aurelia,Knowling,Female,aknowling1z@livejournal.com
73,Lonna,Faldoe,Female,lfaldoe20@usda.gov
74,Jen,Barszczewski,Female,jbarszczewski21@msn.com
75,Bobby,Simonin,Male,bsimonin22@usnews.com
76,Marty,Izacenko,Male,mizacenko23@tuttocitta.it
77,Elinore,Franc,Female,efranc24@ucsd.edu
78,Annadiane,Middas,Female,amiddas25@blogger.com
79,Maris,Bruins,Female,mbruins26@wikipedia.org
80,Deloria,Stockdale,Female,dstockdale27@nationalgeographic.com
81,Vanya,Broomfield,Male,vbroomfield28@samsung.com
82,Fanni,Oxx,Female,foxx29@yahoo.co.jp
83,Trisha,Limbert,Female,tlimbert2a@cmu.edu
84,Buck,Couvet,Male,bcouvet2b@huffingtonpost.com
85,Avery,Osmar,Male,aosmar2c@cnbc.com
86,Fan,Lockey,Female,flockey2d@howstuffworks.com
87,Farand,Twelvetree,Female,ftwelvetree2e@icq.com
88,Lefty,Colombier,Male,lcolombier2f@webmd.com
89,Archaimbaud,Bucknall,Male,abucknall2g@goodreads.com
90,Ariel,Knibbs,Male,aknibbs2h@bbb.org
91,Irving,McGavigan,Male,imcgavigan2i@g.co
92,Lilia,Proschek,Female,lproschek2j@seesaa.net
93,Reinaldos,Tewes,Male,rtewes2k@fda.gov
94,Abe,Jantzen,Male,ajantzen2l@elegantthemes.com
95,Ardenia,Lewerenz,Female,alewerenz2m@last.fm
96,Linc,Labrenz,Male,llabrenz2n@deliciousdays.com
97,Ainslie,Nemchinov,Female,anemchinov2o@t.co
98,Pinchas,Whichelow,Male,pwhichelow2p@livejournal.com
99,Ruperta,Ternault,Female,rternault2q@marriott.com
100,Lotty,Anmore,Female,lanmore2r@cmu.edu
101,Con,Van der Krui,Male,cvanderkrui2s@sourceforge.net
102,Elmo,Machon,Male,emachon2t@dailymotion.com
103,Isidore,Parslow,Male,iparslow2u@spotify.com
104,Darya,MacVay,Female,dmacvay2v@redcross.org
105,Eolande,Sackler,Female,esackler2w@time.com
106,Lauralee,Beacroft,Female,lbeacroft2x@yale.edu
107,Donetta,Castelin,Female,dcastelin2y@paginegialle.it
108,Steve,Commusso,Male,scommusso2z@uiuc.edu
109,Dan,Fincham,Male,dfincham30@berkeley.edu
110,Karena,Balaizot,Female,kbalaizot31@friendfeed.com
111,Sylvia,Allon,Female,sallon32@deviantart.com
112,Pyotr,Fearnsides,Male,pfearnsides33@ehow.com
113,Shani,Sapey,Female,ssapey34@businessweek.com
114,Denny,Beedom,Male,dbeedom35@bigcartel.com
115,Donny,McIsaac,Male,dmcisaac36@nbcnews.com
116,Avie,Adnet,Female,aadnet37@macromedia.com
117,Lorilyn,Trevethan,Female,ltrevethan38@blog.com
118,Tadeo,Tregust,Male,ttregust39@globo.com
119,Des,Vogelein,Male,dvogelein3a@columbia.edu
120,Edouard,Yerbury,Male,eyerbury3b@twitpic.com
121,Ode,Vonasek,Male,ovonasek3c@delicious.com
122,Hersch,Dosdale,Male,hdosdale3d@patch.com
123,Frannie,Darwent,Male,fdarwent3e@storify.com
124,Ally,Swindlehurst,Female,aswindlehurst3f@google.es
125,Keene,Redferne,Male,kredferne3g@oracle.com
126,Adolpho,Mostin,Male,amostin3h@smh.com.au
127,Mirna,Vern,Female,mvern3i@freewebs.com
128,Vivie,Fetherstone,Female,vfetherstone3j@storify.com
129,Renato,Torvey,Male,rtorvey3k@wikia.com
130,Hollie,Snasdell,Female,hsnasdell3l@hhs.gov
131,Bondon,Keesman,Male,bkeesman3m@tiny.cc
132,Konstanze,Botwood,Female,kbotwood3n@merriam-webster.com
133,Egon,Fillon,Male,efillon3o@dyndns.org
134,Roddy,Middlehurst,Male,rmiddlehurst3p@about.me
135,Rab,Moreland,Male,rmoreland3q@ucoz.ru
136,Terence,Drinkhill,Male,tdrinkhill3r@state.tx.us
137,Debi,Bucky,Female,dbucky3s@sourceforge.net
138,Carla,Scotson,Female,cscotson3t@jiathis.com
139,Ali,Ironside,Male,aironside3u@mashable.com
140,Libbey,Odams,Female,lodams3v@unblog.fr
141,Nicolais,Mocquer,Male,nmocquer3w@scientificamerican.com
142,Neel,Dripps,Male,ndripps3x@msu.edu
143,Brockie,Ayerst,Male,bayerst3y@wp.com
144,Lorrayne,Lees,Female,llees3z@odnoklassniki.ru
145,Dulciana,Worters,Female,dworters40@wikimedia.org
146,Audy,O'Fihillie,Female,aofihillie41@blogtalkradio.com
147,Garwood,Rankling,Male,grankling42@patch.com
148,Nerissa,Andretti,Female,nandretti43@goo.ne.jp
149,Edythe,Seifenmacher,Female,eseifenmacher44@tiny.cc
150,Christen,Girod,Female,cgirod45@newsvine.com
151,Beatrice,Chasemore,Female,bchasemore46@ning.com
152,Barbabas,Kording,Male,bkording47@cisco.com
153,Pascale,Gozney,Male,pgozney48@a8.net
154,Jonas,de'-Ancy Willis,Male,jdeancywillis49@instagram.com
155,Ashely,Minchinton,Female,aminchinton4a@cargocollective.com
156,Nev,Kimmel,Male,nkimmel4b@cargocollective.com
157,Vanya,Saggs,Female,vsaggs4c@globo.com
158,Bealle,Koene,Male,bkoene4d@globo.com
159,Maurise,Duckham,Male,mduckham4e@sitemeter.com
160,Ario,Gudger,Male,agudger4f@globo.com
161,Toddy,Finicj,Male,tfinicj4g@ehow.com
162,Reider,Menlove,Male,rmenlove4h@cbsnews.com
163,Kingston,Lissandri,Male,klissandri4i@jalbum.net
164,Darcey,Jewers,Female,djewers4j@irs.gov
165,Felix,Sicily,Male,fsicily4k@webs.com
166,Sinclair,MacGiany,Male,smacgiany4l@taobao.com
167,Shea,Dominetti,Male,sdominetti4m@so-net.ne.jp
168,Garvy,Petr,Male,gpetr4n@typepad.com
169,Rhoda,Flement,Female,rflement4o@mozilla.org
170,Glyn,Gallelli,Female,ggallelli4p@t-online.de
171,Hubert,Tribe,Male,htribe4q@shinystat.com
172,Tammara,Divisek,Female,tdivisek4r@aol.com
173,Abrahan,Tombling,Male,atombling4s@virginia.edu
174,Curry,Ginnaly,Male,cginnaly4t@slideshare.net
175,Lesley,MacGorley,Male,lmacgorley4u@wiley.com
176,Aretha,Georgel,Female,ageorgel4v@rakuten.co.jp
177,Dix,Iscowitz,Female,discowitz4w@dmoz.org
178,Hanan,Morman,Male,hmorman4x@unesco.org
179,Marie,Grafhom,Female,mgrafhom4y@washingtonpost.com
180,Tarah,Beekmann,Female,tbeekmann4z@independent.co.uk
181,Ynez,Escofier,Female,yescofier50@aol.com
182,Obediah,O'Crotty,Male,oocrotty51@sciencedirect.com
183,Osbourn,Schechter,Male,oschechter52@wordpress.com
184,Giraud,Filgate,Male,gfilgate53@lulu.com
185,Moishe,Glasner,Male,mglasner54@google.fr
186,Nahum,Snow,Male,nsnow55@ft.com
187,Oran,Lambole,Male,olambole56@reverbnation.com
188,Jewelle,Quantrill,Female,jquantrill57@squidoo.com
189,Martha,De Bruin,Female,mdebruin58@nytimes.com
190,Eadmund,Marousek,Male,emarousek59@xing.com
191,Thalia,Tipple,Female,ttipple5a@nyu.edu
192,Lek,Newlove,Male,lnewlove5b@amazon.co.jp
193,Benjamen,Christofle,Male,bchristofle5c@barnesandnoble.com
194,Maxi,Weddell,Female,mweddell5d@reuters.com
195,Sianna,Angood,Female,sangood5e@networksolutions.com
196,Lilias,Allflatt,Female,lallflatt5f@nhs.uk
197,Kaylil,Sympson,Female,ksympson5g@ebay.co.uk
198,Vito,Osan,Male,vosan5h@zimbio.com
199,Gretchen,Neil,Female,gneil5i@360.cn
200,Kathy,Boutcher,Female,kboutcher5j@hp.com
201,Cathee,Bradnum,Female,cbradnum5k@list-manage.com
202,Hilda,Arpin,Female,harpin5l@ucoz.ru
203,Isadore,Josskoviz,Male,ijosskoviz5m@youku.com
204,Julio,Beswick,Male,jbeswick5n@g.co
205,Gerek,Burberry,Male,gburberry5o@msu.edu
206,Ashton,Hillhouse,Male,ahillhouse5p@usgs.gov
207,Wynnie,Barefoot,Female,wbarefoot5q@deliciousdays.com
208,Der,Keys,Male,dkeys5r@flavors.me
209,Christal,Duetsche,Female,cduetsche5s@tumblr.com
210,Dela,Birtonshaw,Female,dbirtonshaw5t@usgs.gov
211,Georg,Munns,Male,gmunns5u@cyberchimps.com
212,Jerrie,Claworth,Male,jclaworth5v@oaic.gov.au
213,Urson,Bodycote,Male,ubodycote5w@g.co
214,Kevan,Battlestone,Male,kbattlestone5x@ow.ly
215,Hussein,Henaughan,Male,hhenaughan5y@cnbc.com
216,Griz,McWhin,Male,gmcwhin5z@unesco.org
217,Stu,Dy,Male,sdy60@cnet.com
218,Joannes,Coveney,Female,jcoveney61@unblog.fr
219,Paten,Meddick,Male,pmeddick62@youtu.be
220,Barrie,Sleigh,Male,bsleigh63@archive.org
221,Eadith,Gotter,Female,egotter64@discovery.com
222,Hewet,Furber,Male,hfurber65@cloudflare.com
223,Sullivan,Chaytor,Male,schaytor66@drupal.org
224,Francine,Mustoe,Female,fmustoe67@china.com.cn
225,Porter,Pinkstone,Male,ppinkstone68@dell.com
226,Gwen,Voisey,Female,gvoisey69@state.gov
227,Hugo,Cornick,Male,hcornick6a@twitpic.com
228,Tabbi,La Rosa,Female,tlarosa6b@paypal.com
229,Lyman,Curran,Male,lcurran6c@nasa.gov
230,Felike,Jewell,Male,fjewell6d@theglobeandmail.com
231,Lucilia,Fevier,Female,lfevier6e@netlog.com
232,Salvatore,Dungay,Male,sdungay6f@goo.ne.jp
233,Vitoria,Pigeon,Female,vpigeon6g@amazon.co.jp
234,Marney,Gimert,Female,mgimert6h@house.gov
235,Beckie,Gerring,Female,bgerring6i@4shared.com
236,Meagan,Reston,Female,mreston6j@cyberchimps.com
237,Noell,Zambonini,Female,nzambonini6k@oaic.gov.au
238,Leilah,Vlasyev,Female,lvlasyev6l@netlog.com
239,Leontyne,Toler,Female,ltoler6m@scientificamerican.com
240,Deerdre,Francke,Female,dfrancke6n@ocn.ne.jp
241,Adelind,Audry,Female,aaudry6o@nbcnews.com
242,Kennett,Donnan,Male,kdonnan6p@berkeley.edu
243,Brig,Feighry,Male,bfeighry6q@yellowbook.com
244,Dex,Aistrop,Male,daistrop6r@cocolog-nifty.com
245,Jo,Lammas,Male,jlammas6s@yelp.com
246,Josephina,Dominici,Female,jdominici6t@pinterest.com
247,Rawley,Kirkbride,Male,rkirkbride6u@latimes.com
248,Susanna,Bakewell,Female,sbakewell6v@umn.edu
249,Frasier,Dislee,Male,fdislee6w@vistaprint.com
250,Kirbee,Pinner,Female,kpinner6x@columbia.edu
251,Emlynne,Houltham,Female,ehoultham6y@dyndns.org
252,Larisa,Moorhouse,Female,lmoorhouse6z@businessinsider.com
253,Brandyn,Kilcullen,Male,bkilcullen70@mozilla.com
254,Raffaello,Vineall,Male,rvineall71@purevolume.com
255,Ewen,Ferenczy,Male,eferenczy72@canalblog.com
256,Maddy,Castille,Male,mcastille73@google.com.au
257,Dorette,Tyres,Female,dtyres74@amazonaws.com
258,Walton,Darko,Male,wdarko75@usa.gov
259,Michel,Lohden,Female,mlohden76@nih.gov
260,Bryn,Pringer,Female,bpringer77@webnode.com
261,Camile,Espinas,Female,cespinas78@nsw.gov.au
262,Martita,McShirie,Female,mmcshirie79@miibeian.gov.cn
263,Timmie,Aloshechkin,Male,taloshechkin7a@sogou.com
264,Swen,Fishlee,Male,sfishlee7b@flickr.com
265,Silvain,Marconi,Male,smarconi7c@cdbaby.com
266,Kaye,Dorbin,Female,kdorbin7d@twitpic.com
267,Adelind,Gayle,Female,agayle7e@spiegel.de
268,Butch,Wegenen,Male,bwegenen7f@slideshare.net
269,Delmer,Francey,Male,dfrancey7g@weather.com
270,Abdel,Cansdill,Male,acansdill7h@chronoengine.com
271,Frants,Grassin,Male,fgrassin7i@quantcast.com
272,Norina,Belvard,Female,nbelvard7j@dell.com
273,Leandra,Maude,Female,lmaude7k@ehow.com
274,Sharyl,Enston,Female,senston7l@xing.com
275,Freeland,Girardin,Male,fgirardin7m@shop-pro.jp
276,Weylin,Braxay,Male,wbraxay7n@prlog.org
277,Eadie,Rosenstengel,Female,erosenstengel7o@parallels.com
278,Gavan,Hedderly,Male,ghedderly7p@washingtonpost.com
279,Lucille,O'Henery,Female,lohenery7q@hc360.com
280,Fons,Verring,Male,fverring7r@freewebs.com
281,Charlot,Colville,Female,ccolville7s@tamu.edu
282,Daron,Priest,Male,dpriest7t@senate.gov
283,Latia,Guisot,Female,lguisot7u@histats.com
284,Ingemar,Pyner,Male,ipyner7v@gmpg.org
285,Fifi,Deinhard,Female,fdeinhard7w@4shared.com
286,Cymbre,Mountcastle,Female,cmountcastle7x@gnu.org
287,Oren,Olliar,Male,oolliar7y@pcworld.com
288,Idelle,MacRory,Female,imacrory7z@ed.gov
289,Bernardo,Brobak,Male,bbrobak80@wired.com
290,Benyamin,Tyre,Male,btyre81@digg.com
291,Melinda,Hatchett,Female,mhatchett82@unc.edu
292,Maryjo,Witherby,Female,mwitherby83@apache.org
293,Sonya,Kyrkeman,Female,skyrkeman84@qq.com
294,Mariska,Chstney,Female,mchstney85@pcworld.com
295,Alexis,Hindenburg,Male,ahindenburg86@wiley.com
296,Ugo,Westnedge,Male,uwestnedge87@discuz.net
297,Bondie,Jentin,Male,bjentin88@buzzfeed.com
298,Teresa,Billion,Female,tbillion89@sourceforge.net
299,Trefor,Pizzie,Male,tpizzie8a@usatoday.com
300,Roddie,Timperley,Male,rtimperley8b@e-recht24.de
